tokens,NE,alias,notes,score
replace,S,replace,,0.033501925353136945
bucket,I,bucket,,0.018968954329366003
repair,S,repair,,0.01749908982644235
grease,I,grease,,0.017377124803796558
leak,P,leak,,0.016591041605835227
oil,I,oil,,0.01592414159258484
engine,I,engine,,0.015579561916489269
hose,I,hose,,0.014422221287312844
broken,P,broken,,0.013439448841950282
tooth,I,tooth,,0.012988103723057635
pump,I,pump,,0.01163792055333453
lube,I,lube,,0.011627013790803394
rh,I,right_hand,,0.011523863208582643
line,I,line,,0.011390565799410085
boom,I,boom,,0.010945306443786895
lh,I,left_hand,,0.010697202667027476
slew,I,slew,,0.01059587694506323
leaking,P,leak,,0.009794160993650772
shd24,I,shd,,0.008868143963038163
fault,P,fault,,0.008746611306313407
blown,P,blown,,0.008265478253322047
start,U,start,,0.008173607558549166
changeout,S,changeout,,0.007778120791121322
hyd,I,hyd,,0.007660559298033314
air,I,air,,0.007134894984940418
hydraulic,I,hyd,,0.006514056725502119
motor,I,motor,,0.00643073259262787
track,I,track,,0.005947043570561977
change,S,changeout,,0.005760123949404982
missing,P,missing,,0.005585280338583634
stick,P,stick,,0.005502911526963489
working,U,working,,0.0054565200162633755
filter,I,filter,,0.005052880644823259
jump,S,jump,,0.004906793839399746
cylinder,I,cylinder,,0.004901309888681065
fan,I,fan,,0.004564991568653601
eng,I,engine,,0.004534109940762446
pin,I,pin,,0.00431090745349248
cab,I,cab,,0.004096792397567178
pressure,I,pressure,,0.00406732687017026
pipe,I,pipe,,0.0040304596640386645
tank,I,tank,,0.003949653714103545
lines,I,line,,0.00394185924734206
pto,I,pto,,0.0039058002383262867
filters,I,filter,,0.003808130282315632
fuel,I,fuel,,0.0037291364317151095
drive,I,drive,,0.003626197539047896
valve,I,valve,,0.003613425955213807
light,I,light,,0.0035331844761582365
low,U,low,,0.0035184148298078965
lost,P,lost,,0.003514986855986709
rf,I,rf,,0.003480923004687565
lights,I,light,,0.0033959010035462364
switch,I,switch,,0.003370848478714249
repairs,S,repair,,0.003344071283831288
left,I,left,,0.003275472048610213
alarm,P,alarm,,0.003267084795081852
exhaust,I,exhaust,,0.003229242826649009
hoses,I,hose,,0.0032027121575570762
ring,I,ring,,0.003179830947687548
reseal,S,reseal,,0.003172783428575564
roller,I,roller,,0.003081975431437537
text,I,text,,0.003080526133650749
bolts,I,bolts,,0.003069649943171293
control,I,control,,0.00301576072863022
servo,I,servo,,0.003009959453599261
teeth,I,tooth,,0.002984943393429593
fit,,,,0.002964488309655894
hand,I,hand,,0.0029584775189881282
loose,P,loose,,0.002949019688682208
shd0024,I,shd,,0.0029310615067670125
leaks,P,leak,,0.002913498857164087
check,S,check,,0.002904225389015208
cyl,I,cylinder,,0.002887080300163805
main,U,main,,0.002879988271617951
brake,I,brake,,0.002869120776044405
coolant,I,coolant,,0.002809625123382736
cracked,P,cracked,,0.00280165030521227
seal,I,seal,,0.0027727321601668533
radiator,I,radiator,,0.002766242139733985
right,I,right,,0.002755694739616639
lip,I,lip,,0.002743975750086845
travel,I,travel,,0.002730338391861659
wont,U,wont,,0.002616464628402101
turbo,I,turbo,,0.002600057926788427
machine,I,machine,,0.00257826342881528
box,I,box,,0.002529531809982613
contamination,P,contamination,,0.0025084463416305074
belt,I,belt,,0.002456892438117843
shroud,I,shroud,,0.0024482337341993512
cooler,I,cooler,,0.002427285217127971
access,I,access,,0.0024235448610427012
crowd,U,crowd,"I don't know this dataset well enough to say what this is...
",0.002422741823672964
clam,I,clamp,"I am going to assume this meant clamp, not ""clam""",0.002416272502522685
fitting,I,fitting,,0.0023777333520946173
cooling,U,cooling,,0.002351093712444391
water,I,water,,0.0023380973642900442
won,U,won,idk what this is without context,0.002307940077679317
temp,U,temp,could be temporary or temperature,0.002284568670450751
final,I,final,,0.0022271486325372487
door,I,door,,0.0022098170354425007
radio,I,radio,,0.0021886652085783614
steel,I,steel,,0.002082570413329859
adaptor,I,adaptor,,0.002068923988804351
rear,I,rear,,0.002048399801625595
damage,P,damage,,0.0020000916693878735
power,U,power,,0.0019668850694762106
hp,U,hp,"could be horsepower or high pressure
",0.0019662829585321705
coming,X,coming,,0.0019599574789587386
tip,I,tip,,0.001953741464275416
clamp,I,clamp,"I am going to assume this meant clamp, not ""clam""",0.0019492800264083977
way,X,way,,0.001946141334818707
block,U,block,"""engine block"" vs ""to Block""
",0.0019456668420887472
rhs,I,right_hand,,0.0019280708214404981
damaged,P,damage,,0.0018650214625889913
warranty,I,warranty,,0.0018485734797679906
seat,U,seat,A seat vs to seat,0.001840537138698724
idler,I,idler,,0.0018393338938548823
engines,I,engine,,0.001839032538445629
refit,,refit,,0.0017914778233527274
gearbox,I,gearbox,,0.0017784304151139305
stairs,I,stairs,,0.0017626486013858698
mount,U,mount,to mount vs a mount,0.0017429845815440876
gauge,I,gauge,,0.00173325994159758
crack,P,cracked,,0.0017046512613763064
lhs,I,left_hand,,0.0017043401067527867
acc,U,acc,accumulator vs access,0.0016706500723624865
propel,U,propel,"this is unknown because i am not sure of the dataset
",0.0016545494159060105
overheating,P,overheating,,0.0016433390339242314
cracks,P,cracked,,0.0016410517142286482
step,I,step,,0.0016327476701726525
window,I,window,,0.0016290421201138106
sensor,I,sensor,,0.001613777007926025
horn,I,horn,,0.0015986542707556598
mounting,S,mounting,,0.0015891066321033305
rh120c,I,right_hand,,0.0015661135236442988
compressor,I,compressor,,0.0015532410009938525
suppression,I,suppression,,0.0014807548784677956
cover,I,cover,,0.00142772729894483
seals,I,seal,,0.001409794377857502
handrail,I,handrail,,0.00139612959917769
return,U,return,"a return line vs to return
",0.0013914833986127088
outer,I,outer,,0.0013808008764266018
cleaners,S,cleaners,,0.0013706591155180528
shd,I,shd,,0.0013547588545949206
hot,U,hot,too hot problem =),0.0013483213408258734
bay,I,bay,,0.001332927733498411
joystick,I,joystick,,0.001330551242470313
faulty,P,fault,,0.0013279255965895648
service,U,service,service door vs to service,0.0013222119196770795
24,I,24,,0.0013109437812636095
pins,I,pin,,0.0013051108262642874
new,I,new,,0.001287748848342785
starter,I,starter,,0.0012737461524959216
steps,I,step,,0.0012688584376505392
replaced,S,replace,,0.0012602920396362755
bolt,I,bolts,,0.0012500336611408224
fittings,I,fitting,,0.0012467194236979126
swing,I,swing,,0.0012447848494030866
lower,I,lower,,0.001190770860436078
drain,I,drain,,0.0011716005618998648
lever,I,lever,,0.0011434420736382725
slow,P,slow,,0.0011428829813443365
latch,I,latch,,0.0011385057145076988
scope,I,scope,,0.0011197371042185862
blowing,P,blowing,,0.0011090111707494242
failed,P,failure,,0.0011079958817064926
tube,I,tube,,0.00110477055651295
shutting,U,shutting,"not shutting vs is shutting, both problems but needs 2 grams for what is the problem",0.0010988545705517612
stop,U,stop,will not stop vs stopping two different problems,0.0010862713475599248
pressuriser,I,pressuriser,,0.0010648359226659034
link,I,link,,0.0010506033379058274
undercarriage,I,undercarriage,,0.0010459195432388588
emergency,P,emergency,,0.001041155402614359
horns,I,horn,,0.0010385426976902237
housing,I,housing,,0.0010369106393389317
centrifugal,I,centrifugal,,0.0010353404557976876
ladder,I,ladder,,0.0010331253973238988
bracket,I,bracket,,0.0010304247523418312
clamps,I,clamp,"I am going to assume this meant clamp, not ""clam""",0.0010252403420308877
walkway,I,walkway,,0.0010222893266786837
warning,P,warning,,0.001009730443988912
electrical,I,electrical,,0.0009964687195852212
pirtek,I,pirtek,"i am assuming item, but i have no clue what this is",0.0009958701689824015
completed,S,complete,,0.0009948422668240218
header,I,header,,0.0009865488572874926
gear,I,gear,,0.0009824705397602988
manifold,I,manifold,,0.0009767023875430665
wash,S,wash,,0.0009744632419184006
remove,S,remove,,0.000972519101744724
sender,I,sender,,0.0009709153393402748
solenoid,I,solenoid,,0.0009677375486942324
weld,I,welding,,0.000954701797534828
mcv,I,mcv,"assuming an item, but i dont know this acronym
",0.000951942794581525
bent,P,bent,,0.0009431181877000149
rail,I,rail,,0.0009338831674473305
brakes,I,brake,,0.0009306948251495084
wiring,I,wire,,0.0009103089194226019
getting,U,getting,getting something vs not getting something,0.0009096087474279613
chip,P,chip,"going to assume this is a problem, not an item",0.0009059981637630168
adjuster,U,adjuster,i dont know if this can be an item with this dataset,0.0009058039928963594
blocks,U,block,"""engine block"" vs ""to Block""
",0.0009043614995820653
cond,U,cond,not sure,0.0009011609011967123
cleaner,S,cleaners,,0.0008990226548465444
level,U,level,a level vs something is not level,0.0008988793607879867
p1,I,p1,going to assume item,0.0008977351668075623
heater,I,heater,,0.0008951387874504217
mounts,U,mount,to mount vs a mount,0.0008862911431493721
high,U,high,high pressure vs too high (too hot problem 2.0),0.0008843851843815068
wing,I,wing,,0.0008741229038872753
plate,I,plate,,0.0008680008489848957
commercial,I,commercial,,0.0008628447715612
pilot,I,pilot,,0.0008482830579830778
come,U,come,"not sure, might be a stop word",0.0008347909569382742
needs,P,need,,0.0008222933649088027
shovel,I,shovel,,0.0008216462655133122
supply,I,supply,,0.0008195868192258345
centrifuge,I,centrifugal,,0.0008111132413065432
required,P,require,,0.0008107069333800294
holding,U,holding,holding too long vs not holding,0.0008024793268129357
glass,I,glass,,0.0008007305010574225
lift,U,lift,will not lift vs a lift,0.0007966040352630138
fallen,P,fallen,,0.0007956487002081853
stauff,,stauff,i am going to assume this is an item,0.0007938625632193017
cap,I,cap,,0.0007920924209577035
wear,P,wear,,0.0007898004028348456
pumps,I,pump,,0.0007884574193515778
batteries,I,battery,,0.0007829487186409139
charge,U,charge,will not charge vs to charge,0.000779651650777243
press,I,press,"im going to assume this is something like ""a press"" not pressure
",0.0007792732612075063
aftercooler,I,aftercooler,,0.0007734106784698627
timer,I,timer,,0.0007726419455809906
idle,U,idle,will not idle vs is idle,0.0007700815752728214
falt,P,fault,,0.0007615255578202907
dipstick,I,dipstick,,0.0007577117909088937
breathers,I,breather,,0.0007530559952748883
accident,I,accident,,0.0007520732626311108
case,I,case,,0.000750526369353083
gasket,I,gasket,,0.0007490397066457771
murphy,I,murphy,,0.0007459337690460368
camera,I,camera,,0.0007411616725116191
wiper,I,wiper,,0.0007409610745108178
shut,U,shutting,"not shutting vs is shutting, both problems but needs 2 grams for what is the problem",0.0007396838878679495
area,I,area,,0.0007371614651440733
assembly,I,assy,,0.0007343770886132847
warr,I,warranty,,0.000729742734119217
cameras,I,camera,,0.0007268074138279218
fabricate,S,fabricate,,0.0007250015333277324
cold,U,cold,too cold vs cold water ,0.0007204066912571867
handrails,I,handrail,,0.0007171413235925112
failure,P,failure,,0.0007160298278280076
screen,I,screen,,0.0007148798880614065
deck,I,deck,,0.0007137669968450968
starting,U,start,,0.0007111959889705643
piping,I,pipe,,0.0006990340560968369
rebuild,S,rebuild,,0.0006938117038098144
rock,I,rock,,0.0006873164268838475
near,X,near,,0.0006868069310654949
cut,U,cut,something is cut vs not cut,0.0006857234527948871
blocking,P,blocking,,0.0006768718403869832
lock,P,locking,could be a problem or soln but i think problem,0.000675588571050984
screens,I,screen,,0.0006752185476568287
pre,U,pre,i don't know ,0.0006732312857582423
guard,I,guard,,0.0006709194053998035
modify,S,modify,,0.000668543391167944
work,U,working,,0.0006653834284645447
bcs,I,bcs,dont know assuming item,0.0006638931850451376
plates,I,plate,,0.0006627400521052821
hrs,I,hour,,0.000662365439888076
investigate,S,investigate,,0.0006622340956365645
p3,I,p3,idk,0.0006574835753994089
rings,I,ring,,0.0006553676432870543
adaptors,I,adaptor,,0.0006535895910782893
oring,I,oring,,0.0006531846104984782
rollers,I,roller,,0.0006521598848712258
circuit,I,circuit,,0.0006461039687134543
cable,I,cable,,0.0006448843596832518
unit,I,unit,,0.0006405331292348166
history,I,history,,0.0006384984537910724
thermostat,I,thermostat,,0.0006376476022675937
keeper,I,keeper,Idk,0.0006344652192262324
indicator,I,indicator,,0.0006314261474076817
hydraulics,I,hyd,,0.0006303514084008503
chubb,I,chubb,i think?,0.0006257509087080576
stair,I,stairs,,0.0006232811490811205
valves,I,valve,,0.0006229377256084128
scv,I,scv,idk,0.0006208653647482559
load,U,load,"to load vs will not load
",0.0006184209216005147
adjust,S,adjust,,0.000617775198793011
rails,I,rail,,0.000608088139939313
p4,I,p4,idk,0.0006079614623341155
relay,I,relay,,0.0006040588888555463
harness,I,harness,,0.0006040146531578022
arm,I,arm,,0.0006022629688906464
float,I,float,,0.0005989233780290176
inner,I,inner,,0.0005988000780452577
cummins,I,cummins,,0.0005961347924476015
creeping,P,creep,,0.0005919899608949931
frame,I,frame,,0.0005858557392105427
motors,I,motor,,0.0005851212941831109
requires,P,require,,0.0005838883536621657
busted,P,bust,,0.0005838337027828102
windscreen,I,windscreen,,0.0005834042628470897
safety,I,safety,,0.0005830350499801928
p2,I,p2,"idk
",0.0005801419754767207
suction,I,suction,,0.0005795784331599702
recharge,S,recharge,,0.0005766403155252077
centre,I,center,,0.0005757370418427907
repaired,S,repair,,0.0005746616154999562
cracking,P,cracked,,0.0005716495271051223
boxes,I,box,,0.0005692300143485296
clean,S,cleaners,,0.0005690066676716914
need,P,need,,0.0005658119554038631
overhaul,S,overhaul,,0.0005656613406780751
muffler,I,muffler,,0.0005605785242610807
problem,P,problem,,0.0005603231270972828
tune,S,tune,,0.0005580969175412378
joy,I,joystick,i think joy = joystick,0.0005580314421110388
handle,I,handle,,0.0005556237809526823
vacuum,I,vacuum,,0.0005366849204808691
adapter,I,adaptor,,0.0005349584689568753
upgrade,S,upgrade,,0.0005308578734751949
run,U,run,by itself it means nothing,0.0005294097042079811
gauges,I,gauge,,0.0005141465138560381
relief,U,relief,not really sure,0.0005139226762674331
spare,I,spare,,0.0005133801388876494
rod,I,rod,,0.0005124180227080975
shaft,I,shaft,,0.0005070690519922784
rectify,S,rectify,,0.0005049757821231086
burn,P,burn,,0.0005036467851771148
retainer,I,retainer,,0.0005030547668281826
pivot,I,pivot,,0.0005013268601393605
cw,I,cw,i think?,0.0005006412781162992
test,S,test,,0.0004986502529174597
turbocharger,I,turbo,,0.0004970171419676027
cabin,I,cabin,,0.0004935247368835901
install,S,install,,0.0004898568428785734
plug,I,plug,,0.0004860626082275776
going,X,going,,0.0004848978882617311
terex,I,terex,,0.00048444203136263885
end,U,end,to end vs an end of something,0.00048279546192839197
leg,I,leg,,0.0004820579986264708
no1,I,no,,0.00048027723730488867
gas,I,gas,,0.0004795695312251795
head,I,head,,0.000475395014004231
tips,I,tip,,0.00047404768546826755
verti,I,vertical,i think,0.000471633363220405
ac,I,air_conditioning,,0.00047140904632172337
walking,U,walking,"im just not sure what this could mean in the data
",0.0004697249784832888
card,I,card,,0.00046889867814352287
faults,P,fault,,0.00046716214905240917
intake,I,intake,,0.00046518236004325353
aircon,I,air_conditioning,,0.0004650262788809413
logic,I,logic,,0.00046315913300717313
com,U,com,no clue,0.000459791455036179
restriction,P,restriction,,0.0004577717832347076
rotor,I,rotor,,0.00045706264822462247
breaker,I,breaker,,0.00045619804748395925
replacing,S,replace,,0.0004533886082009797
wipers,I,wiper,,0.0004505572812427786
gland,I,gland,,0.00044864395813087676
covers,I,cover,,0.0004453359887508723
running,U,run,by itself it means nothing,0.0004450659373585839
labour,I,labor,,0.00044338856552914816
ex,U,ex,no idea ,0.0004425594235768768
comm,U,comm,don't know,0.0004400800778428915
spline,I,spline,,0.00043868499451862284
coolers,I,cooler,,0.0004358480227712939
alternator,I,alternator,,0.0004356392126920096
blocked,P,block,,0.0004352590461856431
blowen,P,blown,,0.00043465745259211176
noisy,P,noisy,,0.0004337184622406658
coupling,I,coupling,,0.0004326095418479047
overflow,P,overflow,,0.0004303375654138697
fell,P,fell,,0.0004268886778601189
bleed,U,bleed,"can bleed something as a solution vs something is bleeding as a problem, i think it is soln though",0.00042226910819427414
package,I,package,,0.0004184440060064404
flat,U,flat,idk,0.0004174827775019165
weeping,P,weep,,0.0004138004003843029
free,U,free,idk,0.00041349147233228937
sys,I,system,,0.0004127826517265
wire,I,wire,,0.0004119720020230234
burnt,P,burn,,0.0004100530703230461
staying,U,staying,"will not stay, not staying?",0.00040880861696637597
make,X,make,,0.00040556003146439545
smoke,P,smoke,,0.0004048526210328801
bung,I,bung,,0.00040419994352690987
ram,I,ram,,0.0004040687897718415
injectors,I,injector,,0.00040203686629339177
pipes,I,pipe,,0.00040095201525283886
dip,I,dipstick,,0.0003992060735252855
refill,S,refill,,0.0003956018464884608
loosing,P,loose,,0.0003951982354807348
oils,I,oil,,0.00039374183186947903
body,I,body,,0.0003909987174183385
tensioner,I,tensioner,,0.0003897191749601328
slipping,P,slipping,,0.0003889076019093087
require,P,require,,0.0003882738472366029
airconditioner,I,air_conditioning,,0.0003869481679938647
excessive,P,excessive,,0.00038640711697845466
corner,I,corner,,0.00038626613552003537
reserve,I,reserve,,0.0003860812335654823
operators,I,operator,,0.0003856193217518293
sos,I,sos,idk,0.00038318099428308046
outside,I,outside,,0.0003827808076749318
lts,I,lts,no idea but i assume an item,0.0003822986260035967
split,P,split,i think,0.00038186131188208434
foot,I,foot,,0.00038150426819509874
hosing,I,hose,,0.00038024116325708214
shrouds,I,shroud,,0.0003794439525176377
caps,I,cap,,0.00037567513498544265
tighten,S,tighten,,0.0003743258564430805
base,I,base,,0.00037369575506844414
worn,P,wear,,0.0003700970126303759
upper,I,upper,,0.0003668578614628128
platform,I,platform,,0.00036597776616135536
cylinders,I,cylinder,,0.0003655967246942304
extinguisher,I,extinguisher,,0.00036553929034402656
inspect,S,inspect,,0.00036535658698903654
board,I,board,,0.00036324402926944687
adjusting,S,adjust,,0.0003615843413057138
plugs,I,plug,,0.0003593242869243067
button,I,button,,0.0003592553781862264
auto,I,auto,,0.00035749732476370364
battery,I,battery,,0.0003559527677328091
pms,I,pms,"prevantive maintenance
",0.0003557689118004785
reported,S,report,,0.0003546523082460699
operator,I,operator,,0.00035405363863331204
bypassing,S,bypassing,,0.0003536885006881569
noise,P,noisy,,0.00035279304696466947
senders,I,sender,,0.0003511769556983995
housings,I,housing,,0.0003510907863236185
conditioner,I,conditioner,,0.00034888874062651606
room,I,room,,0.0003488387197757688
primary,I,primary,,0.00034871346289672514
error,P,error,,0.00034865183067206716
carbody,I,car,,0.0003439882651030007
gease,I,grease,,0.0003438195414281916
ros,I,ros,idk,0.0003422398339110051
inside,I,inside,,0.00034204728164093995
rewire,S,rewire,,0.00034174183984259413
heads,I,head,,0.0003416954382771791
overtemp,P,overtemp,,0.00034084570661429815
guage,I,gauge,,0.0003386668098337388
no3,I,no,,0.00033864974619241466
hands,I,hand,,0.00033738225090771155
timing,I,timing,,0.00033400004314431065
panel,I,panel,,0.0003332652045811335
module,I,module,,0.000331185363777491
gaurds,I,guard,,0.000330907171303216
short,P,short,"interesting because it could be ""electrical short"" or something is ""too short""",0.00033081282726949416
limit,I,limit,,0.00032961827433361924
gearcase,I,gearcase,,0.00032906459167051066
keepers,I,keeper,Idk,0.0003276726434314633
rhf,I,rhf,not sure what these rh acronyms are,0.00032765097233830115
retaining,I,retainer,,0.00032751929467751163
open,U,open,will not open vs is open,0.0003268821314670292
rope,I,rope,,0.00032667413462686835
cabinet,I,cabinet,,0.0003251246972761209
operation,I,operation,,0.0003234831627480103
carrier,I,carrier,,0.00032290325521384326
bypass,U,bypass,"could be a bypass valve or ""to bypass"" something
",0.00032218627194838235
restart,S,restart,,0.000319790878142302
misc,I,misc,,0.0003193522328784589
activated,S,activate,,0.00031830509058047347
drives,I,drive,,0.00031773479778063487
fitted,,,,0.00031707726025808204
key,I,key,,0.0003165674486576092
speed,I,speed,,0.0003155051925904916
rh120e,I,right_hand,,0.00031501658622152883
pressurising,I,pressuriser,,0.0003150144040011081
cavity,I,cavity,,0.00031467238895514484
problems,P,problem,,0.0003135439506103252
distribution,I,distribution,,0.00031237809026938765
remount,S,remount,,0.0003103188562333669
deflector,I,deflector,,0.0003100520126169831
speaker,I,speaker,,0.00030628327318656806
dash,I,dash,,0.0003038704517981179
mining,I,mining,,0.00030261258674808795
prelube,S,prelube,,0.00030237400400266094
pack,I,pack,,0.000301784907295182
dust,I,dust,,0.00030178104254432753
sleeve,I,sleeve,,0.00030110833381666595
sample,I,sample,,0.0002975381149797919
pull,S,pull,i think?,0.0002948374141175334
pot,I,pot,maybe,0.0002946932034453458
flow,I,flow,,0.0002941388523685286
changed,S,changeout,,0.00029242225809553743
discharged,S,discharge,,0.00029234072629785376
reservoir,I,reservoir,,0.000289993690899544
metal,I,metal,,0.000286953077273224
boily,U,boily,no idea,0.000286167460812317
breather,I,breather,,0.00028540455953269015
locking,P,locking,could be a problem or soln but i think problem,0.00028425978675899154
instrument,I,instrument,,0.00028344372926027904
wireing,I,wire,,0.00028264768979890123
elbow,I,elbow,,0.0002826045395020971
revs,I,revs,,0.00028190619920738725
mufflers,I,muffler,,0.00028140137989273454
releasing,S,releasing,,0.00028127323888567146
mtr,I,motor,,0.0002797479944404181
cutting,I,cutting,"i would think a cutting tool but it might be something is cutting something when it is   not supposed to
",0.0002790973539230672
throttle,I,throttle,,0.00027634792377188985
vee,U,vee,"not sure
",0.00027589629612937875
using,P,using,,0.0002747463266579706
shim,I,shim,,0.00027438004561497134
fix,S,fix,,0.0002738143003285217
x15,I,x15,,0.0002735678599301876
support,I,support,,0.0002728875360933165
parts,I,part,,0.0002704272028974148
x1,I,x1,,0.0002704229329932048
pressurisers,I,pressuriser,,0.000269444813180816
injector,I,injector,,0.0002661726331081362
bottle,I,bottle,,0.00026610731965499016
maintenance,I,maintenance,,0.0002657610234553285
hinges,I,hinge,,0.0002656664905981094
defective,P,defective,,0.00026557477999914804
reel,I,reel,,0.0002646581061188585
supression,I,suppression,,0.00026365996401687204
swivel,I,swivel,,0.0002633132533228714
transmission,I,transmission,,0.0002623110775165702
audit,S,audit,,0.00026222754205569376
malfunction,P,malfunction,,0.0002620840849385123
rh120,I,right_hand,,0.0002614068140550534
discharge,S,discharge,,0.0002603256043911677
properly,X,properly,,0.00025984905799494027
tram,U,tram,I just don't know what this is in the context of mining,0.00025879207114570433
replacement,S,replace,,0.00025788967219899983
pulley,I,pulley,,0.0002575185849950248
chains,I,chain,,0.0002574333626945476
pp,I,pp,idk,0.00025698231511687156
sunblind,I,sunblind,,0.00025663891601023083
welding,I,welding,,0.00025610247857668736
heating,I,heating,,0.00025583483358504884
der,U,der,idk,0.0002554977601925692
ignition,I,ignition,,0.00025477799021183405
latches,I,latch,,0.0002538383891416346
second,I,second,,0.00025335889529843274
set,S,set,,0.0002530245418579448
bulk,I,bulk,,0.0002523988712233897
functions,U,functions,will not function,0.0002512202556606344
quote,I,quote,,0.0002510363392349925
09,I,09,,0.0002502110546308262
balance,I,balance,,0.0002499548620211395
seized,P,seize,,0.000249074552636534
flex,U,flex,,0.00024848388463747864
vent,I,vent,,0.0002475362477925604
ear,I,ear,,0.00024749242658580957
charging,U,charge,will not charge vs to charge,0.00024724392480430347
burst,P,burst,,0.0002467374831190769
thermostats,I,thermostat,,0.0002466680743038559
directional,I,directional,,0.000245840958146873
tread,I,tread,,0.00024561850215760984
plc,I,plc,,0.00024542296466446395
belts,I,belt,,0.00024514608373440695
retainers,I,retainer,,0.0002442291039970299
major,U,major,not sure if we want to capture this,0.0002441472398989512
guards,I,guard,,0.00024361752946118644
shuting,U,shutting,"not shutting vs is shutting, both problems but needs 2 grams for what is the problem",0.00024347522021697809
alarms,P,alarm,,0.0002431101463301351
bar,I,bar,,0.00024281093277894083
piece,I,piece,,0.00024215687420503886
08,I,08,,0.0002420840746017005
shd26,I,shd,,0.000241552340379908
wo,I,work_order,,0.00023960598381644063
inlet,I,inlet,,0.00023884884962826366
circlip,I,circlip,"think this is an item, but not sure",0.00023809070459968027
function,U,functions,will not function,0.0002374758904588837
chain,I,chain,,0.00023737806913732206
switches,I,switch,,0.0002354905599780944
assy,I,assy,,0.00023376479155913282
roof,I,roof,,0.00023196463573523375
vdo,U,vdo,idk this acronynm ,0.00023163402293636967
strips,I,strips,,0.00023150870681153067
dipper,I,dipper,,0.00023093480364220874
mech,I,mech,,0.00023053916841705155
spinner,I,spinner,,0.0002296185480820236
extra,X,extra,,0.00022947690043785717
removed,S,remove,,0.00022876809133924047
cost,I,cost,,0.00022737279824874962
elect,I,electrical,,0.00022670445955480167
occurring,X,occurring,,0.00022542912296952025
holed,U,holed,could be a problem or an item,0.0002245423981172229
joint,I,joint,,0.0002238051832717516
shd23,I,shd,,0.0002237902238930023
keeps,X,keeps,,0.0002230587535521585
lighting,I,light,,0.0002227461675253476
cms,U,cms,idk the acronym,0.00022272572806989098
driers,I,drier,,0.00022220392556457984
no2,I,no,,0.00022102600199400504
fitter,I,fitter,,0.0002202050032114143
reposition,S,reposition,,0.0002196636745749413
bulb,I,bulb,,0.0002194300344242728
ramp,I,ramp,,0.00021937288460192395
lid,I,lid,,0.00021891598606227526
lin,I,line,,0.00021870060838090504
reading,U,reading,i just dont know without knowing the data better,0.0002178778086810913
aircons,I,air_conditioning,,0.00021638764550972205
car,I,car,,0.00021584486980537543
trans,I,transmission,,0.00021514643004658923
blade,I,blade,,0.00021317036332356253
pedal,I,pedal,,0.00021251680217511623
console,I,console,,0.000212280990260212
welded,S,welded,,0.00021226162374772984
point,I,point,,0.00020918082793257208
style,I,style,,0.00020895202632121465
receiving,U,receiving,not receiving is a problem maybe,0.0002089077390188229
capital,I,capital,,0.0002086376915750417
hard,U,hard,too hard maybe?,0.0002085632298478821
tramming,U,tramming,idk what this means,0.0002080456094798841
weep,P,weep,,0.00020752899195791282
bad,P,broken,,0.00020637714531803508
bushes,I,bush,,0.00020513975839613364
orings,I,oring,,0.00020428627280141183
flush,S,flush,,0.00020378156134219462
sections,I,sections,,0.00020305059653068268
slide,I,slide,,0.00020206268712062538
counterweight,I,counterweight,,0.00020194386736732884
controler,I,control,,0.00020147351588190493
mirror,I,mirror,,0.0002012576241752318
repl,S,replace,,0.00019976158400091202
complete,S,complete,,0.00019911681470479386
gaurd,I,guard,,0.00019890669219130216
shd0026,I,shd,,0.0001981422937426722
old,P,old,,0.0001981339073513364
wall,I,wall,,0.0001964555250583008
moving,U,moving,something that shouldnt be moving is moving or something that should be moving is not moving,0.00019631236227326016
adverse,P,adverse,,0.0001936114465437491
accessory,I,accessory,,0.0001934034449651609
lacking,P,lacking,,0.00019275162854251191
brackets,I,bracket,,0.0001924444166689936
station,I,station,,0.00019231690803427808
ports,I,port,,0.000192159551232123
riu,U,riu,no clue,0.00019188150977176056
no4,I,no,,0.00019179355390749482
dump,I,dump,,0.00019169900543751896
hours,I,hour,,0.00019123546150955209
fans,I,fan,,0.00019119052427846124
rplace,S,replace,,0.00019072017934423281
distributor,I,distributor,,0.0001904340194732956
cav,U,cav,idk in mining,0.00019002584405090726
anti,U,anti,,0.00019002584405090726
shutdown,U,shutdown,will not shutdown; need to shutdown,0.000190008131302728
tension,U,tension,"no tension too much tension, can tension something",0.0001885629140759757
manifolds,I,manifold,,0.0001881770779558708
60176281,I,60176281,,0.00018758697933180053
06,I,06,,0.00018751566625785368
hunting,P,hunting,i guess?,0.00018723758266892486
bkt,I,bucket,,0.00018694622921985304
dry,P,dry,,0.00018674687951618759
tap,,,,0.0001865779186317853
fd,,,,0.00018605092462014097
turn,,,,0.00018603950193518893
guide,,,,0.0001856001789910093
shd0023,I,shd,,0.00018520664704735232
additional,,,,0.0001850889273508865
appears,,,,0.0001850838426113508
lamp,,,,0.0001848161056644309
intermittent,,,,0.0001845340427689376
falling,P,fallen,,0.0001844855155663432
micro,,,,0.000184083683997788
ass,,,,0.0001833404727780617
speakers,I,speaker,,0.0001829115413502268
120e,,,,0.00018272866864705692
dist,,,,0.00018255369049730588
linkage,I,link,,0.00018243700504782268
torn,,,,0.0001823256766883776
defects,P,defective,,0.00018175377871998118
used,,,,0.00018137040514732816
handles,I,handle,,0.0001811363379905569
stand,,,,0.00018079802048547145
buttons,I,button,,0.00018069372786622318
relocate,,,,0.00018025667659103602
hub,,,,0.0001796487027387605
structure,,,,0.0001796334824615101
regulator,,,,0.0001793421405859315
10,,,,0.00017920245134558203
cables,I,cable,,0.00017881563880613947
poss,,,,0.00017868739787336866
blind,,,,0.0001784305255133961
releif,U,relief,not really sure,0.00017803418579443218
tripped,,,,0.0001779059252358413
blower,,,,0.00017747395436790137
making,,,,0.00017739458850860306
12,,,,0.00017726079831926366
material,,,,0.00017718362333162354
dropping,,,,0.00017691843879690777
tubing,,,,0.000176205206681516
sliding,,,,0.00017610568335696286
build,,,,0.00017596292898976486
playing,,,,0.00017554504043853068
day,,,,0.00017543104388400332
aerial,,,,0.00017418606557653766
bungs,I,bung,,0.0001735281480824867
bearing,,,,0.00017286776657642346
rotary,,,,0.0001727696477342839
tipping,,,,0.00017267879920563632
tripping,,,,0.000172359855609231
tower,,,,0.0001719439064078204
shin,,,,0.00017175258582987195
carry,,,,0.0001713560956253909
aircleaners,,,,0.00017008451092293645
ropes,I,rope,,0.00016966782403717793
knob,,,,0.00016890883829864518
stripped,,,,0.00016870236318857994
units,I,unit,,0.00016839549864270244
bush,I,bush,,0.00016820121696050182
adj,,,,0.00016652954848712866
cavities,I,cavity,,0.00016323717576346782
suspect,,,,0.00016317699108867238
needed,P,need,,0.00016307119264272294
nixons,,,,0.00016293503441026108
jumpstart,S,jump,,0.00016273386436978942
gard,I,guard,,0.00016267054029072867
hi,,,,0.00016157272713211102
85,,,,0.00016150958639491784
140,,,,0.00016150958639491784
adrift,,,,0.00016140091818642866
cat,,,,0.00016118361130687133
floor,,,,0.00016064441893233982
gates,,,,0.00015956017167189938
26182337,,,,0.00015950471299516465
fm,,,,0.0001594445594167191
fab,S,fabricate,,0.00015932651465159882
times,,,,0.00015912945043039967
wrry,,,,0.0001590000050062057
shd16,I,shd,,0.00015857152860366454
mud,,,,0.0001585674361693215
screw,,,,0.0001580462177147214
driveshaft,,,,0.00015777036882189282
controller,I,control,,0.00015732987628363766
cord,,,,0.00015712711266981582
breoken,P,broken,,0.00015711987926394098
broen,P,broken,,0.00015711987926394098
close,,,,0.00015520801586906924
idlers,I,idler,,0.00015519030796939826
compresor,I,compressor,,0.00015460348666625394
movement,,,,0.000153478630502573
slewing,I,slew,,0.00015331236315353647
catch,,,,0.00015282428662694632
diesel,,,,0.00015174208706476077
flashing,,,,0.0001515937068653903
blankets,,,,0.0001515579688347676
isolator,,,,0.00015068376302749729
alt,,,,0.00015061638566951998
alarming,P,alarm,,0.00014978251075276308
exhingisher,I,extinguisher,,0.00014891599981622304
heat,I,heating,,0.00014868201122990234
tritronics,,,,0.00014866070717723992
tracks,I,track,,0.00014845283623610104
workin,U,working,,0.0001481248132254757
slides,I,slide,,0.00014786714655008596
hinge,I,hinge,,0.00014762229338423878
replce,S,replace,,0.00014708884508722492
request,,,,0.00014693603211186974
rest,,,,0.00014689738838263516
16,,,,0.00014663300502859824
servicing,U,service,service door vs to service,0.0001461838835500931
bore,,,,0.0001459075998494634
sticks,P,stick,,0.00014522017565044926
outlet,,,,0.00014492956640077358
r40,,,,0.00014450515831277748
pres,,,,0.0001440145476447214
surpression,I,suppression,,0.00014321094368349255
magnet,,,,0.0001428482524365664
striker,,,,0.00014243394772480588
unable,,,,0.00014240659611054182
crank,,,,0.00014154673947335193
cons,,,,0.0001415431759088527
coolent,,,,0.00014147027726972046
r10,,,,0.00014133916239081782
spool,,,,0.0001410945334977187
crossover,,,,0.0001409187730768616
contam,P,contamination,,0.00014084799971319646
interior,,,,0.0001408194868787456
undercarrage,I,undercarriage,,0.00014074769937067068
rubbed,,,,0.00014065591160109008
stopped,,,,0.00014053220873466688
loop,,,,0.00013999142891518853
x2,,,,0.0001399151919767961
bolwn,,,,0.00013984160103772052
section,I,sections,,0.00013975797121588529
aircond,I,air_conditioning,,0.00013949234859087425
err,,,,0.00013940912418675702
mods,,,,0.00013880718156989748
circlips,I,circlip,"think this is an item, but not sure",0.00013863165398389802
elec,I,electrical,,0.00013846840995523145
aduit,S,audit,,0.00013843840808320298
attach,,,,0.0001383528885531483
reverse,,,,0.00013822147020671284
drains,I,drain,,0.00013817522211696586
sensors,I,sensor,,0.00013791273726829778
angle,,,,0.00013785258702923208
mic,,,,0.00013744656005289517
maintaining,,,,0.0001373704459386848
repalced,,,,0.00013725583932322
spilt,P,split,i think,0.0001371755015647454
doors,I,door,,0.00013695520553056288
bulbs,I,bulb,,0.0001368706062899641
greased,,,,0.00013649507997320933
primepower,,,,0.00013620366464217642
mountings,S,mounting,,0.00013592842030418534
guages,I,gauge,,0.00013569587876095516
quick,,,,0.00013551675475391342
traps,,,,0.00013520457111423502
intermitent,,,,0.00013469636461035603
proxy,,,,0.0001341435130134445
pit,,,,0.00013406748883014512
middle,,,,0.0001339184304982381
walk,U,walking,"im just not sure what this could mean in the data
",0.00013317649453007394
mainpump,,,,0.00013307548434815687
operating,,,,0.0001325205155678006
xover,,,,0.00013242999801569652
pumpgearbox,,,,0.00013235632804182274
dying,,,,0.00013200139120148036
vale,I,valve,,0.00013130096567459768
mesabi,,,,0.00013115476403953723
rocker,,,,0.00013107965632370706
results,,,,0.0001310749988948725
stock,,,,0.00013103864025102975
led,,,,0.00013090595916815718
backrest,,,,0.0001307444407463818
clutch,,,,0.00013066244928986972
proximity,,,,0.00013054760660598735
warm,,,,0.00013036202379777684
stay,U,staying,"will not stay, not staying?",0.00013006042284778786
add,,,,0.000129899872549412
comes,U,come,"not sure, might be a stop word",0.00012947487571127457
fixed,S,fix,,0.00012933120972114675
ryco,,,,0.0001290818697786673
gaskets,I,gasket,,0.00012893049045848722
counter,,,,0.0001286300185807262
gum,,,,0.00012862359464525133
rpm,,,,0.00012847091185910856
poly,,,,0.00012835935911823646
rubber,,,,0.00012811458926942652
tanks,I,tank,,0.00012735194412754808
adjusted,S,adjust,,0.0001272218344552097
seperator,,,,0.00012709730533458385
report,S,report,,0.0001269520116827166
arms,I,arm,,0.00012693104292352714
bridge,,,,0.00012687625539333058
erratic,,,,0.0001267306524862156
sticking,P,stick,,0.00012670875956112695
pumped,,,,0.00012664527034948238
pos,,,,0.00012612050090659674
slue,,,,0.0001260471923964046
toplok,,,,0.0001259904019156246
rough,,,,0.0001259210076606679
ice,,,,0.00012561123077932024
date,,,,0.00012531266601187882
order,,,,0.00012512982852075098
no5,I,no,,0.00012504245145927086
slewbox,,,,0.000124757072004546
tracking,,,,0.00012464435649591954
coal,,,,0.0001244590215574243
weldment,,,,0.00012402395192308115
protector,,,,0.00012371990681601296
stuck,,,,0.0001236923711089505
intermitently,,,,0.00012367130525175495
maintance,I,maintenance,,0.00012364726194733855
repairing,S,repair,,0.00012357591816424904
waterpump,,,,0.00012323299171669992
blades,I,blade,,0.00012314999269651944
shimming,I,shim,,0.00012313433567893932
player,,,,0.00012306105658964624
cd,,,,0.00012306105658964624
blow,P,blowing,,0.0001227224016041967
hour,I,hour,,0.0001222029431614605
meter,,,,0.0001222029431614605
tied,,,,0.00012214246567230792
small,,,,0.00012200586658322393
points,I,point,,0.00012163628891488157
holes,U,holed,could be a problem or an item,0.00012162732858821362
rag,,,,0.0001213324287664717
overflows,P,overflow,,0.00012128423937021523
barrel,,,,0.00012125525781179011
diagnose,,,,0.00012065935386464573
mechanical,,,,0.00012055692265142732
electric,I,electrical,,0.00012033466235008314
def,,,,0.00012022750699891853
revolving,,,,0.00012000744665473127
refuelling,,,,0.00011994775319170896
rebolt,,,,0.00011949715636468391
bot,,,,0.0001194506858644842
slave,,,,0.00011924290858033977
ext,,,,0.00011920692966580042
crimp,,,,0.00011918238043641228
pwr,U,power,,0.0001191216925647854
piston,,,,0.00011899463668901184
welds,,,,0.00011865160649815633
possible,,,,0.00011853449628420704
23,,,,0.00011832372837183996
ordered,,,,0.00011811998940149944
reconnect,,,,0.0001180609629606426
passing,,,,0.00011802221183321892
washdown,S,wash,,0.00011773603360889111
fy11,,,,0.00011730016876198557
fouling,,,,0.00011725687675331184
hole,U,holed,could be a problem or an item,0.00011694154030674026
swash,,,,0.00011690457520668166
shims,I,shim,,0.00011688376639351423
1boily,,,,0.00011682498466879963
05,,,,0.00011665017863575444
changeover,S,changeout,,0.00011650094917114964
stuffed,,,,0.0001161779962135646
direction,I,directional,,0.00011605367256877874
latching,I,latch,,0.00011600214540587468
delivery,,,,0.00011567293121727254
apart,,,,0.00011545615475270264
chocks,,,,0.00011540720864329824
mains,,,,0.00011530453167134572
beam,,,,0.00011470671457571533
awma,,,,0.00011462255459845645
vents,I,vent,,0.00011430404167062715
filling,,,,0.00011413972723552728
40,,,,0.00011347367660702783
installation,S,install,,0.00011330418269262042
smart,,,,0.00011330418269262042
adjustment,S,adjust,,0.00011318873018057231
2way,,,,0.00011314714944873706
lhr,,,,0.00011302024181774062
modified,S,modify,,0.00011296640474429648
condensors,,,,0.00011279391812922888
resealing,S,reseal,,0.00011276606896988847
fy10,,,,0.00011224064809421685
cam,,,,0.00011170156819092012
measure,,,,0.00011088120200446145
reweld,,,,0.00011042698176673413
stack,,,,0.00011042698176673413
sides,,,,0.00011020914775856262
storage,,,,0.00011020227328788626
extend,,,,0.0001099309058597848
exceeding,P,excessive,,0.00010941021126758728
2of,,,,0.00010914854329156612
evaporator,,,,0.0001090530844193922
2nd,,,,0.00010873997227343973
pad,,,,0.00010798901390226291
500hr,,,,0.00010772242704442757
frames,I,frame,,0.00010676816288898966
collision,,,,0.0001060060562291133
avoidance,,,,0.0001060060562291133
sight,,,,0.00010575191629732672
adapt,I,adaptor,,0.00010528318233042065
idt,,,,0.00010528318233042065
fms,,,,0.00010528318233042065
func,,,,0.00010466709507060122
stays,,,,0.00010439379945885746
riding,,,,0.00010389886747564439
holder,,,,0.00010368902273432532
secondary,,,,0.0001029269260855202
offsite,,,,0.00010279917811226676
truck,,,,0.00010279000429769258
rev,,,,0.00010167749992109924
boarding,,,,0.00010163179949400758
15,,,,0.00010023512698466762
edge,,,,9.935957286795153e-05
production,,,,9.887889255872482e-05
insert,,,,9.792095813869956e-05
13,,,,9.791064239313012e-05
estops,,,,9.66598560275843e-05
rerair,S,repair,,9.66598560275843e-05
moto,I,motor,,9.65853690980575e-05
tec,,,,9.636549422863812e-05
skin,,,,9.369757590797586e-05
red,,,,9.155075950840483e-05
cascade,,,,9.145653576370526e-05
dipstik,I,dipstick,,9.115675661451237e-05
controls,I,control,,9.115675661451237e-05
swap,,,,9.113894716676992e-05
smokey,P,smoke,,9.086209017040948e-05
miss,P,missing,,9.086209017040948e-05
surging,,,,9.086209017040948e-05
cycling,,,,9.078103384804139e-05
wearing,P,wear,,9.025858933398697e-05
bus,,,,9.012053551806984e-05
ou,,,,8.983864321190552e-05
stroking,,,,8.97543360790947e-05
croud,U,crowd,"I don't know this dataset well enough to say what this is...
",8.934353067596547e-05
01,,,,8.90235237493297e-05
distributors,I,distributor,,8.832942291569632e-05
bown,,,,8.784795161006312e-05
scratch,,,,8.750288678356616e-05
dripping,,,,8.750288678356616e-05
chipped,P,chip,"going to assume this is a problem, not an item",8.629473775981023e-05
renewal,,,,8.627983094386903e-05
ways,,,,8.607788739004587e-05
she0024,,,,8.585354998714847e-05
dryer,,,,8.530111726221527e-05
04,,,,8.515395703934098e-05
sandwich,,,,8.513843837152411e-05
ideling,,,,8.506390022102561e-05
solinoid,I,solenoid,,8.500053205702122e-05
29,,,,8.480214449515006e-05
hobbs,,,,8.476709133481375e-05
fluro,,,,8.476709133481375e-05
susspression,I,suppression,,8.466918430232481e-05
kick,,,,8.461399601734893e-05
chande,,,,8.426993526150076e-05
blwn,,,,8.42159198135865e-05
pto2,I,pto,,8.41343186060196e-05
locked,,,,8.40169764113292e-05
blinds,,,,8.340983661777411e-05
snsor,I,sensor,,8.33355410685307e-05
airlock,,,,8.306729560686152e-05
shields,,,,8.30241887563433e-05
crib,,,,8.296198029470047e-05
wouldnt,,,,8.296198029470047e-05
smokes,P,smoke,,8.296198029470047e-05
repplace,S,replace,,8.277494685865312e-05
faulting,P,fault,,8.266889661819025e-05
components,,,,8.238278925980469e-05
reversing,,,,8.22774527399538e-05
cleanout,,,,8.211815688844556e-05
vibration,,,,8.208110848733849e-05
flood,,,,8.200624173333249e-05
systemat,,,,8.19584169761919e-05
exd36,,,,8.19584169761919e-05
carriage,,,,8.19584169761919e-05
transmit,,,,8.189014479876212e-05
lipshroud,,,,8.171092554197855e-05
microphone,,,,8.158995550516808e-05
imp,,,,8.154950341496988e-05
slop,,,,8.135408157697626e-05
monitoring,,,,8.118567336055891e-05
lighjts,I,light,,8.110034163700409e-05
shd0016,,,,8.10587734043251e-05
accumlator,,,,8.095175387967341e-05
1725206,,,,8.095175387967341e-05
intermittantley,,,,8.089283749160745e-05
bulkhead,I,bulk,,8.087424023106175e-05
03,,,,8.084487234727716e-05
loud,,,,8.07832520905268e-05
protection,,,,8.073332109755496e-05
went,,,,8.063761510646009e-05
brokem,P,broken,,8.038517887380102e-05
interlock,,,,8.037907976985134e-05
gearboxes,I,gearbox,,8.033806099718589e-05
pads,,,,8.029427237947107e-05
oerheating,P,overheating,,8.022730110657834e-05
troubleshoot,,,,8.006749987563621e-05
cont,,,,7.995327054499672e-05
contamin,P,contamination,,7.995327054499672e-05
parker,,,,7.981096028115224e-05
wiggins,,,,7.981096028115224e-05
19,,,,7.947816492624181e-05
conditioners,I,conditioner,,7.942094435843338e-05
condition,,,,7.942094435843338e-05
comditioning,,,,7.942094435843338e-05
falts,P,fault,,7.92156415779759e-05
missimg,P,missing,,7.91725014754223e-05
lchange,,,,7.910251817918323e-05
cuting,I,cutting,"i would think a cutting tool but it might be something is cutting something when it is   not supposed to
",7.904455423340201e-05
realigning,,,,7.899435984102373e-05
adjustor,,,,7.895809015710681e-05
shd0024hoses,,,,7.875965209432191e-05
servi,U,service,service door vs to service,7.864266450895837e-05
r8,,,,7.856945767041299e-05
massive,,,,7.856945767041299e-05
geaercase,I,gearcase,,7.848326648520984e-05
voltage,,,,7.844407009814441e-05
backhoe,,,,7.834892969608694e-05
knuckle,,,,7.808839108395018e-05
canister,,,,7.80313330880999e-05
awex,,,,7.795469750924504e-05
stops,,,,7.795375907756937e-05
indicators,I,indicator,,7.776744668734544e-05
heel,,,,7.760010880267393e-05
retract,,,,7.736253532946273e-05
presure,I,pressure,,7.732358480075401e-05
reinstal,,,,7.731031948160235e-05
fulling,,,,7.708682643719278e-05
rating,,,,7.694608493271068e-05
bace,,,,7.691326558683715e-05
signal,,,,7.690782021486807e-05
amber,,,,7.678887197821462e-05
sump,,,,7.671668355366606e-05
condensor,,,,7.670607685486192e-05
outers,I,outer,,7.660709866694185e-05
2x,,,,7.658755301541791e-05
eratic,,,,7.653627493691847e-05
arch,,,,7.650666421022235e-05
cyls,I,cylinder,,7.645150998459056e-05
cross,,,,7.643852682885725e-05
venturi,,,,7.639797267939396e-05
sysetm,I,system,,7.635421973913643e-05
lance,,,,7.611329294120456e-05
suspression,I,suppression,,7.608306482377398e-05
niosy,P,noisy,,7.608306482377398e-05
trameing,,,,7.581737537772735e-05
s1,,,,7.577922777593641e-05
comp,,,,7.577922777593641e-05
udercarriage,I,undercarriage,,7.577922777593641e-05
realign,,,,7.571148575791238e-05
biulding,,,,7.570282799187919e-05
powerstep,,,,7.569612276245633e-05
fiting,I,fitting,,7.566931846162984e-05
repace,S,replace,,7.557047465058409e-05
r40s,,,,7.556252338240139e-05
intermittently,,,,7.552714147154209e-05
booming,I,boom,,7.551420298883212e-05
intercooler,,,,7.543611297432727e-05
calibrate,,,,7.543427312471764e-05
losted,P,lost,,7.536975970214186e-05
20579959,,,,7.522689221060581e-05
motions,,,,7.521339566559866e-05
ramp9,I,ramp,,7.520543235418495e-05
backwall,,,,7.509818515384471e-05
grese,I,grease,,7.508866935053956e-05
der1,,,,7.504983896078636e-05
dipsticks,I,dipstick,,7.499857927837776e-05
solenoids,I,solenoid,,7.4980587857884e-05
blowers,,,,7.4980587857884e-05
releasingl,S,releasing,,7.482037379436302e-05
b26123,,,,7.481397001919847e-05
catchers,,,,7.477234158654905e-05
fasten,,,,7.475147878052941e-05
pumpdrive,,,,7.474687976690366e-05
adapters,I,adaptor,,7.466496464107779e-05
listed,,,,7.463820995300476e-05
greaseline,,,,7.456413522137514e-05
comig,,,,7.455199177966879e-05
slowon,,,,7.443538665103418e-05
systems,I,system,,7.440672295388119e-05
complaint,,,,7.42884098072991e-05
clock,,,,7.428583835504947e-05
pickup,,,,7.420741398774346e-05
handside,,,,7.410980497250645e-05
dungs,,,,7.406594355806994e-05
recliner,,,,7.404736794662504e-05
waranty,I,warranty,,7.398347242709264e-05
static,,,,7.394169820616441e-05
commecial,I,commercial,,7.394033095307346e-05
filled,,,,7.39356779406973e-05
missfire,,,,7.3920162490682e-05
centifuge,I,centrifugal,,7.391563474752311e-05
comtination,P,contamination,,7.387523323036123e-05
lhe,,,,7.379846839011039e-05
centrafugal,I,centrifugal,,7.348988751505812e-05
reair,S,repair,,7.348118846721701e-05
bottomed,,,,7.347604239182739e-05
mode,,,,7.34554903829232e-05
consoles,I,console,,7.344468757789735e-05
suppresion,I,suppression,,7.344047403635909e-05
bennie,,,,7.341677878058579e-05
filler,,,,7.339748993292308e-05
shd18,I,shd,,7.333876355684356e-05
creep,P,creep,,7.330143999553123e-05
10bar,,,,7.32274738432279e-05
rhr,,,,7.307008584451211e-05
commaction,,,,7.301627858384472e-05
comaction,,,,7.301627858384472e-05
connection,,,,7.298676908270504e-05
vacum,I,vacuum,,7.289630462418817e-05
sentinal,,,,7.284653249515114e-05
accum,,,,7.268401196893218e-05
checkout,,,,7.265958357465287e-05
superstructure,,,,7.265530269401414e-05
drop,,,,7.249633519328443e-05
r9,,,,7.247330363197744e-05
antenna,,,,7.242454562057016e-05
reservior,,,,7.237852937073069e-05
maiin,,,,7.236743802402189e-05
compartment,,,,7.232287861067527e-05
no7,I,no,,7.219575712677306e-05
lader,I,ladder,,7.217403880128342e-05
overfilling,,,,7.21598455239702e-05
roll,,,,7.211700036697884e-05
centrifcal,I,centrifugal,,7.18344259249279e-05
continual,,,,7.180925930603582e-05
vaccum,I,vacuum,,7.178906860320908e-05
spout,,,,7.172563383605583e-05
conditioning,,,,7.171507246627551e-05
lids,I,lid,,7.166895475403638e-05
sloppy,,,,7.166124592639244e-05
al,,,,7.15577522717171e-05
element,,,,7.141673294544088e-05
ndt,,,,7.140726091191581e-05
little,,,,7.136934243528473e-05
sediment,,,,7.136772253521193e-05
lubing,,,,7.130256479880763e-05
ps4,,,,7.114700744203558e-05
handpiece,,,,7.112061921931035e-05
reciever,,,,7.109973852946616e-05
joysticks,I,joystick,,7.109973852946616e-05
wotking,U,working,,7.108712083343025e-05
fully,,,,7.103889681635667e-05
overfull,,,,7.102177137343565e-05
input,,,,7.089998542951872e-05
came,,,,7.089974483271157e-05
sync,,,,7.079871350229305e-05
perform,,,,7.076034780118044e-05
face,,,,7.073980754248801e-05
ferrules,,,,7.067831437511344e-05
weald,,,,7.050455559405766e-05
boots,,,,7.043676789825711e-05
twice,,,,7.038068444958803e-05
smashed,,,,7.034540412039995e-05
slewpump,,,,7.03415102387408e-05
bloc,,,,7.029594186947464e-05
large,,,,7.02884010942145e-05
lengthen,,,,7.022373260093262e-05
fanhub,,,,7.013513952886396e-05
ehaust,I,exhaust,,7.011398726557757e-05
pick,,,,7.009880792876789e-05
extensions,,,,7.005544378740776e-05
diptick,I,dipstick,,7.005458400086079e-05
tensioners,I,tensioner,,6.997347222223312e-05
stauf,,stauff,i am going to assume this is an item,6.991837080884912e-05
lowerboom,,,,6.987419968974761e-05
20m3,,,,6.974148961808503e-05
active,,,,6.971504265950336e-05
cannister,,,,6.967533126505503e-05
exaust,I,exhaust,,6.96347616442491e-05
0024,,,,6.961849079919586e-05
bleeds,U,bleed,"can bleed something as a solution vs something is bleeding as a problem, i think it is soln though",6.958011072209269e-05
minets,,,,6.956999081219519e-05
identification,,,,6.95370003079124e-05
ferrule,,,,6.952982970343755e-05
discoloured,,,,6.944114932830064e-05
pum,,,,6.939523162750729e-05
cleaned,S,cleaners,,6.939391570612936e-05
fallin,P,fallen,,6.938741593521279e-05
entering,,,,6.937989167025872e-05
knock,,,,6.928000498841448e-05
action,,,,6.920561433103109e-05
3rd,,,,6.909273357861816e-05
spares,I,spare,,6.907643955972677e-05
detachable,,,,6.905005046099195e-05
rops,,,,6.899903171945159e-05
studs,,,,6.880926450772865e-05
failures,P,failure,,6.878168029767472e-05
rams,I,ram,,6.864897348848612e-05
grade,,,,6.857948268197982e-05
2l,,,,6.845977046540029e-05
cn,,,,6.845864263513363e-05
changes,S,changeout,,6.836126258055636e-05
drum,,,,6.833937960994062e-05
rests,,,,6.829439266656675e-05
investigat,S,investigate,,6.825108999142982e-05
separator,,,,6.822270441715821e-05
accumalator,,,,6.821571914207046e-05
finish,,,,6.814483061839754e-05
reservoirs,I,reservoir,,6.812092564775998e-05
continuously,,,,6.809345006651338e-05
filtration,,,,6.795625045969698e-05
contaminated,P,contamination,,6.782885437078835e-05
cutter,,,,6.782872325971574e-05
limits,I,limit,,6.781804649897726e-05
omron,,,,6.76714297013805e-05
handwash,,,,6.762496003905394e-05
extractors,,,,6.758303827400664e-05
r20,,,,6.755936732300782e-05
carriers,I,carrier,,6.755730866837252e-05
separators,,,,6.754243905182849e-05
boltdslhs,I,bolts,,6.750397138127344e-05
catwalk,,,,6.747384684059539e-05
stem,,,,6.744225817321913e-05
catches,,,,6.742799675630677e-05
gskt,I,gasket,,6.737292305977506e-05
6369,,,,6.735192075627446e-05
chute,,,,6.724802409803061e-05
greasing,,,,6.72398582022397e-05
communication,,,,6.723016539664941e-05
r5,,,,6.720333343753328e-05
bleeders,,,,6.706652001091134e-05
reservor,I,reservoir,,6.696328857531106e-05
fluoro,,,,6.694293373632903e-05
compressors,I,compressor,,6.688896558265996e-05
stiff,,,,6.683681074397336e-05
thermo,I,thermostat,,6.679652420604447e-05
vac,I,vacuum,,6.669178241021491e-05
cleaning,,,,6.663865058434624e-05
cmpressor,I,compressor,,6.656493532643671e-05
wter,I,water,,6.65155361903725e-05
center,I,center,,6.646314238375495e-05
blockin,P,blocking,,6.642306718177036e-05
cas,,,,6.635611994999155e-05
functioning,,,,6.635535929788205e-05
reserves,I,reserve,,6.633410504773882e-05
jsa,,,,6.631773102161276e-05
sign,,,,6.631773102161276e-05
profile,,,,6.627119475635625e-05
brkt,,,,6.620182168016537e-05
to10minutes,,,,6.617263539275446e-05
reset,,,,6.617263539275446e-05
hydra,I,hyd,,6.616795594514152e-05
tape,,,,6.616477428159844e-05
fittin,,,,6.613324013880382e-05
backlight,,,,6.609621976820222e-05
round,,,,6.602406545622791e-05
screaming,,,,6.598691035343333e-05
sps,,,,6.588975558635423e-05
drivers,,,,6.580894480126231e-05
aluminium,,,,6.571567231708829e-05
sealed,,,,6.560964561304209e-05
guarding,,,,6.560964561304209e-05
jobs,,,,6.555401475797276e-05
update,,,,6.550125850374111e-05
rusted,,,,6.54949792744365e-05
resevoir,I,reservoir,,6.546329340999688e-05
shd13,I,shd,,6.541286109787485e-05
wouldn,,,,6.538882559787983e-05
supports,I,support,,6.53585696111587e-05
clogged,,,,6.535717235230713e-05
beacon,,,,6.534086548913374e-05
tml,,,,6.533712415840609e-05
hire,,,,6.533712415840609e-05
trumpet,,,,6.532624410414512e-05
6349,,,,6.529143744768117e-05
strap,,,,6.526580514369285e-05
rocks,I,rock,,6.525506992022305e-05
suspension,,,,6.520678584336862e-05
quickfill,,,,6.520234186196418e-05
acumulator,,,,6.516270186855039e-05
npb07,,,,6.515484945909312e-05
finial,I,final,,6.512462531395121e-05
refurbishment,,,,6.503463730677432e-05
suspects,,,,6.502974733801988e-05
60176380,,,,6.49723062676677e-05
cards,I,card,,6.495857457152211e-05
washed,S,wash,,6.495503626149869e-05
119,,,,6.494616064638244e-05
swk1,,,,6.494616064638244e-05
internally,,,,6.487712570083129e-05
borrow,,,,6.483249800879787e-05
retain,I,retainer,,6.482529897304809e-05
xfitters1xboily,,,,6.478717318793375e-05
decktravel,,,,6.465870581978603e-05
seated,,,,6.465246347362375e-05
stalling,,,,6.464091912298988e-05
craking,P,cracked,,6.462154790098884e-05
dowm,,,,6.460571756524492e-05
bladder,,,,6.45929803144958e-05
accumulator,,,,6.45929803144958e-05
glr,,,,6.453528280778979e-05
govenor,,,,6.452182274759904e-05
mirrors,I,mirror,,6.449964959026249e-05
motion,,,,6.44309425652925e-05
lones,,,,6.442588348134945e-05
note,,,,6.440901096625145e-05
bowl,,,,6.440815987181624e-05
house,,,,6.438636318550493e-05
siezed,P,seize,,6.437918429850764e-05
contrl,I,control,,6.432380808391632e-05
midlife,,,,6.427316783829525e-05
mountreplace,,,,6.42294726102e-05
hse,I,hose,,6.422429168574069e-05
errors,P,error,,6.419405533624617e-05
grate,,,,6.416564380338932e-05
retension,,,,6.414458129055832e-05
lowing,,,,6.413898548552096e-05
detector,,,,6.407915368804477e-05
activating,S,activate,,6.406159506954518e-05
gap,,,,6.40558114047665e-05
jockey,,,,6.392192828215839e-05
seetext,,,,6.39209558958505e-05
video,,,,6.379802058065734e-05
resistor,,,,6.377752597237157e-05
bng,I,bung,,6.375659459298737e-05
r6,,,,6.373067999160888e-05
60177585,,,,6.37071202544821e-05
lodgic,I,logic,,6.362425568810197e-05
snapped,,,,6.36213645078168e-05
loss,,,,6.361142967678272e-05
r1,,,,6.352600501980497e-05
inspection,S,inspect,,6.35211009459777e-05
compl,,,,6.344646121294281e-05
pannel,I,panel,,6.342788332770913e-05
join,,,,6.342730606212355e-05
induction,,,,6.342730606212355e-05
genuine,,,,6.339521729061447e-05
leaky,P,leak,,6.334541545097371e-05
dam,,,,6.330978152121302e-05
en,,,,6.330266390141283e-05
crabs,,,,6.329757552976279e-05
dz,,,,6.326350102463741e-05
louder,,,,6.325737458014416e-05
stopping,,,,6.325702152394567e-05
scc,,,,6.323166711915875e-05
60017673,,,,6.321264232662774e-05
groun,,,,6.311347310567981e-05
vave,I,valve,,6.308442185152711e-05
senser,,,,6.305111034824447e-05
cambuss,,,,6.287562422789821e-05
elc,,,,6.273527517740219e-05
fixing,,,,6.270228106030564e-05
master,,,,6.255672688761064e-05
deadman,,,,6.252822194996349e-05
disconnected,,,,6.252822194996349e-05
fitteing,,,,6.244921136779448e-05
bank,,,,6.24031665772451e-05
big,,,,6.24031665772451e-05
shd0024compl,,,,6.238015828329498e-05
mth,,,,6.228287894119196e-05
pa,,,,6.227628071151783e-05
changing,,,,6.225178673497607e-05
lp,,,,6.222586235945966e-05
mn,,,,6.222128905935305e-05
clip,,,,6.221276125863445e-05
minor,,,,6.216573279882666e-05
4hp,,,,6.215670164979287e-05
play,,,,6.212991368595121e-05
nipples,,,,6.212487493883314e-05
tention,,,,6.209974951288946e-05
pos1,,,,6.207455606612227e-05
10n,,,,6.206780838227315e-05
overheat,P,overtemp,,6.203991776140056e-05
fitment,,,,6.197931296235691e-05
rplc,,,,6.197455283969393e-05
gears,I,gear,,6.197055843582935e-05
turbos,I,turbo,,6.194091476552955e-05
away,,,,6.190285684137051e-05
ireplace,,,,6.188486944760997e-05
dcp,,,,6.188207352090345e-05
indercater,,,,6.187812903993891e-05
k13,,,,6.178949768565984e-05
false,,,,6.176248752247192e-05
inline,,,,6.176216437828824e-05
strainer,,,,6.176216437828824e-05
windsceen,I,windscreen,,6.17514955141603e-05
deflectors,I,deflector,,6.173357749334785e-05
raise,,,,6.171468135228499e-05
fresh,,,,6.171321611922031e-05
stalled,,,,6.170923508758133e-05
weldin,I,welding,,6.169851457205179e-05
reversed,,,,6.158798136544978e-05
suport,I,support,,6.15852844605731e-05
shorting,P,short,"interesting because it could be ""electrical short"" or something is ""too short""",6.1466063675148e-05
tacho,,,,6.1466063675148e-05
dickie,,,,6.139108761860613e-05
brive,,,,6.136224975274968e-05
correctly,,,,6.124495851568394e-05
twoway,,,,6.123124314897427e-05
inoperator,,,,6.106394421834222e-05
overhauled,S,overhaul,,6.104987596483911e-05
worked,,,,6.1028524993869225e-05
drian,I,drain,,6.09469749275699e-05
1653,,,,6.09192580220088e-05
evacuation,,,,6.091849870162371e-05
max,,,,6.082425028121331e-05
worklight,,,,6.0766949132961963e-05
bucke,I,bucket,,6.0609635657375134e-05
accidient,I,accident,,6.0609635657375134e-05
reorder,,,,6.058701869868393e-05
1main,,,,6.054782325179925e-05
serv,U,service,service door vs to service,6.0534289283029e-05
sup,,,,6.0534289283029e-05
fr,,,,6.053261738818839e-05
dcv,,,,6.0496343054948704e-05
shd023,I,shd,,6.048292127947978e-05
shd026,I,shd,,6.048292127947978e-05
3main,,,,6.046860983083097e-05
miguel,,,,6.044146534666935e-05
cri,,,,6.027748864188405e-05
nodule,,,,6.0251824106126917e-05
super,,,,6.023792554665874e-05
pully,I,pulley,,6.023678540384534e-05
transfer,,,,6.012461858979296e-05
usage,,,,6.006352572706424e-05
excess,P,excessive,,6.006352572706424e-05
runs,U,run,by itself it means nothing,5.996844757176392e-05
traction,,,,5.99456161285436e-05
plea,,,,5.989790975062253e-05
syt,,,,5.989040421186503e-05
fail,P,failure,,5.985568692637941e-05
nuts,,,,5.98108201509781e-05
extended,,,,5.978642225059489e-05
trip,,,,5.9755015678308986e-05
flying,,,,5.9730811901597154e-05
wieght,,,,5.9691051513516795e-05
redirect,,,,5.969093463121709e-05
solid,,,,5.965820834577199e-05
readin,,,,5.956552538669472e-05
actuator,,,,5.950450366511618e-05
flap,,,,5.950450366511618e-05
tensions,U,tension,"no tension too much tension, can tension something",5.94838586900868e-05
requiring,,,,5.942963233982446e-05
tight,,,,5.936079940096192e-05
surface,,,,5.9348833835905286e-05
hlink,,,,5.934463061036187e-05
long,,,,5.932696772382763e-05
life,,,,5.932696772382763e-05
scews,,,,5.932609920442147e-05
doesnt,,,,5.931650211089926e-05
hit,,,,5.9303202924864464e-05
roc,,,,5.9303202924864464e-05
sockets,,,,5.9245243049098133e-05
suspention,,,,5.9245243049098133e-05
nozzle,,,,5.922738227507832e-05
continous,,,,5.917714848248071e-05
position,,,,5.916155010426826e-05
cambus,,,,5.914347014225958e-05
moter,I,motor,,5.908759192293524e-05
srvo,I,servo,,5.90501572968706e-05
hanging,,,,5.897946491795173e-05
white,,,,5.895270796713147e-05
hos,I,hose,,5.894385287458872e-05
r7,,,,5.892228798402208e-05
anchor,,,,5.8883379055138e-05
engin,I,engine,,5.885606228154965e-05
therno,,,,5.880749641956805e-05
recovery,,,,5.875506248849242e-05
securing,,,,5.8747207999433376e-05
feed,,,,5.8685382025387844e-05
ppc,,,,5.860456350410758e-05
rattles,,,,5.849362419541317e-05
fuse,,,,5.8488554416473254e-05
proofing,,,,5.846397963472143e-05
sound,,,,5.846397963472143e-05
comms,,,,5.8462728560896044e-05
issue,,,,5.844937683678152e-05
reoccurs,,,,5.844937683678152e-05
monitor,,,,5.8448502949238463e-05
pressures,I,pressure,,5.8448502949238463e-05
2765827,,,,5.833530102188258e-05
cluster,,,,5.821512973665818e-05
globes,,,,5.821512973665818e-05
lenght,,,,5.814038332646302e-05
1740764,,,,5.810000401190722e-05
mp,,,,5.8097962598429334e-05
mat,,,,5.803153889666444e-05
combustion,,,,5.799538874141464e-05
ejector,,,,5.799490040777571e-05
26182336,,,,5.795402564355788e-05
forma,,,,5.792703223287863e-05
bogged,,,,5.7855653167797166e-05
tex,,,,5.7849739325940734e-05
tri,,,,5.783432220861651e-05
common,,,,5.780561762465248e-05
hid,,,,5.779305621391777e-05
24v,,,,5.779305621391777e-05
6mth,,,,5.778745229812684e-05
precharging,,,,5.778666133577657e-05
activation,S,activate,,5.778666133577657e-05
swkt1,,,,5.766126100868026e-05
estop,,,,5.762367691081438e-05
rabbit,,,,5.752862733331904e-05
statutory,,,,5.7511261796219955e-05
windscreane,I,windscreen,,5.7500531920210144e-05
receptacle,,,,5.749813532908158e-05
instalation,S,install,,5.746424061593311e-05
decalls,,,,5.742569425336832e-05
inactive,,,,5.7407160741739785e-05
instate,,,,5.7407160741739785e-05
interna,,,,5.7388558467800095e-05
backwards,,,,5.738334042566264e-05
turns,,,,5.738334042566264e-05
1000,,,,5.734782577824273e-05
hr,I,hour,,5.734782577824273e-05
numerous,,,,5.733899730733472e-05
distributionblocks,,,,5.733899730733472e-05
priming,,,,5.730299267049901e-05
signs,,,,5.7257988403026686e-05
single,,,,5.71748095854481e-05
hex,,,,5.71748095854481e-05
drink,,,,5.714674225177964e-05
cup,,,,5.714674225177964e-05
rubing,,,,5.711773742819336e-05
displayed,,,,5.710197394569557e-05
steptreads,,,,5.70657499171405e-05
wh,,,,5.7051886675280405e-05
nu,,,,5.704557889471424e-05
ove,,,,5.698479283852965e-05
swapped,,,,5.698479283852965e-05
teltale,,,,5.678579318471338e-05
compart,,,,5.677515221970248e-05
ran,,,,5.676501167505573e-05
tem,,,,5.676501167505573e-05
reception,,,,5.6764913565024974e-05
poor,,,,5.6764913565024974e-05
attached,,,,5.667461453225558e-05
list,,,,5.667461453225558e-05
westhills,,,,5.667033370538401e-05
haul,,,,5.667033370538401e-05
restarts,S,restart,,5.661064756070528e-05
imedia,,,,5.661064756070528e-05
bothe,,,,5.658397547849314e-05
lubricate,,,,5.658397547849314e-05
coil,,,,5.655141299631239e-05
llsv,,,,5.655141299631239e-05
idling,,,,5.636859697078724e-05
dramas,,,,5.636043346801465e-05
4792,,,,5.635422240557335e-05
y15,,,,5.628178798769046e-05
solnoid,I,solenoid,,5.628178798769046e-05
responding,,,,5.626800354226842e-05
100,,,,5.626800354226842e-05
time,,,,5.624702006541722e-05
stat,,,,5.6134710804378235e-05
2262,,,,5.610726540020645e-05
code,,,,5.610726540020645e-05
oilcooler,,,,5.609908842545419e-05
prople,,,,5.604260509595403e-05
tale,,,,5.601896986085376e-05
tell,,,,5.601896986085376e-05
burning,P,burn,,5.601849120854632e-05
lace,,,,5.6003731626996656e-05
rep,S,repair,,5.6003731626996656e-05
sti,,,,5.595239139943665e-05
lifting,,,,5.58752492134964e-05
losing,,,,5.58752492134964e-05
removal,S,remove,,5.58752492134964e-05
50,,,,5.58752492134964e-05
rattling,,,,5.587220236155743e-05
flakes,,,,5.5859648989806884e-05
prox,,,,5.576443270249109e-05
overru,,,,5.5674174778912855e-05
slewin,,,,5.560775622061738e-05
machin,I,machine,,5.560775622061738e-05
bays,I,bay,,5.5566262126437644e-05
halfway,,,,5.5565007333828736e-05
35,,,,5.548424254478317e-05
suppressent,I,suppression,,5.547853545916516e-05
isolation,,,,5.547853545916516e-05
identifications,,,,5.547853545916516e-05
prea,,,,5.547853545916516e-05
sun,,,,5.5265270863302796e-05
fas,,,,5.525435126877784e-05
lhi,,,,5.5236216881377086e-05
sw,,,,5.517004301710905e-05
nut,,,,5.5122007543166855e-05
rebuilt,S,rebuild,,5.510814438095979e-05
rh120lhs,I,right_hand,,5.510814438095979e-05
cranage,,,,5.5085838804125413e-05
scaffold,,,,5.5085838804125413e-05
facilities,,,,5.507975961252558e-05
sink,,,,5.507975961252558e-05
broke,P,broken,,5.49809247290035e-05
vavle,I,valve,,5.497612429024994e-05
deflection,,,,5.496825559074207e-05
spection,,,,5.496825559074207e-05
fot,,,,5.492744930353874e-05
drilled,,,,5.485394335207616e-05
cloudy,,,,5.477055669647069e-05
caracked,P,cracked,,5.470600393811858e-05
rewel,,,,5.470600393811858e-05
connections,,,,5.468446391906726e-05
x125,,,,5.468446391906726e-05
x150,,,,5.468446391906726e-05
weak,,,,5.468061838014674e-05
force,,,,5.468061838014674e-05
breakout,,,,5.468061838014674e-05
clarion,,,,5.465805354131867e-05
book,,,,5.4602701573991024e-05
25,,,,5.4594523869942515e-05
pulldown,,,,5.4571223306966136e-05
burner,,,,5.45279225313626e-05
wnty,,,,5.451560968390778e-05
9002,,,,5.44380273439521e-05
cuts,,,,5.4407101480338e-05
12v,,,,5.4407101480338e-05
glowinh,,,,5.438612436419362e-05
bottles,I,bottle,,5.424488218060264e-05
follower,,,,5.402873652401463e-05
40l,,,,5.390527328219342e-05
overhauls,S,overhaul,,5.388925431470987e-05
rust,,,,5.388925431470987e-05
sprockets,,,,5.387142848846101e-05
manual,,,,5.380714671450029e-05
gone,,,,5.379617514966874e-05
accesses,I,access,,5.358006634704532e-05
carriag,,,,5.35585907902247e-05
ccade,,,,5.3416928807413235e-05
repiar,S,repair,,5.340168013749469e-05
enweld,,,,5.340168013749469e-05
transport,,,,5.3333107179758117e-05
flushing,S,flush,,5.315369147153707e-05
und,,,,5.315369147153707e-05
pedals,I,pedal,,5.308248622203685e-05
whilst,,,,5.2951677675960136e-05
computers,,,,5.284471977524575e-05
drier,I,drier,,5.266988645311951e-05
place,,,,5.2667181227971116e-05
absorbent,,,,5.2667181227971116e-05
emer,P,emergency,,5.263489382740242e-05
tightened,S,tighten,,5.246177682082639e-05
rih,,,,5.236972004307822e-05
cb,,,,5.230417171721626e-05
strip,,,,5.190084435047154e-05
pac,,,,5.190084435047154e-05
franna,,,,5.1852450512941464e-05
buckets,I,bucket,,5.1852450512941464e-05
walkways,I,walkway,,5.158679081394146e-05
seetex,,,,5.154660768525741e-05
gauze,,,,5.154660768525741e-05
02,,,,5.142440544563774e-05
repla,,,,5.139979146253003e-05
svce,,,,5.121486333626832e-05
500h,,,,5.121486333626832e-05
spall,,,,5.120274704390381e-05
shield,,,,5.120274704390381e-05
bump,,,,5.111922901316984e-05
underneath,,,,5.111922901316984e-05
brushes,,,,5.012500476612002e-05
ser,,,,5.012500476612002e-05
350,,,,5.009733099802232e-05
lhf,,,,4.995573716508463e-05
isolate,,,,4.9874370395784306e-05
does,,,,4.9874370395784306e-05
28167481,,,,4.9760385627389285e-05
2009,,,,4.967545136023455e-05
site,,,,4.967545136023455e-05
november,,,,4.967545136023455e-05
rhi,,,,4.9620927266941795e-05
identif,,,,4.954238931065859e-05
fromlh,,,,4.950335424991345e-05
spilling,,,,4.950335424991345e-05
man,,,,4.9393234561265145e-05
safe,I,safety,,4.9393234561265145e-05
stic,P,stick,,4.9314504356709726e-05
eye,,,,4.9314504356709726e-05
flickers,,,,4.931188662203242e-05
caught,,,,4.919255748240208e-05
straps,,,,4.919255748240208e-05
spotting,,,,4.919255748240208e-05
inspections,S,inspect,,4.904415693856701e-05
allen,,,,4.904415693856701e-05
socket,,,,4.904415693856701e-05
000hr,,,,4.880967755222511e-05
pas,,,,4.849522286658932e-05
prop,,,,4.848865024471247e-05
connectors,,,,4.848865024471247e-05
th,,,,4.8463919869547693e-05
shit,,,,4.8463919869547693e-05
sthn,,,,4.841201536979698e-05
grt,,,,4.841201536979698e-05
showing,,,,4.832992801379215e-05
different,,,,4.832992801379215e-05
radiators,I,radiator,,4.832992801379215e-05
temperatures,,,,4.832992801379215e-05
pgxl,,,,4.798136067700176e-05
drums,,,,4.798136067700176e-05
9720,,,,4.7856594226412736e-05
model,,,,4.7856594226412736e-05
openings,,,,4.743282724944898e-05
hatch,,,,4.743282724944898e-05
frayed,,,,4.7261605688411766e-05
ma,,,,4.7261605688411766e-05
oct,,,,4.7179813004477085e-05
pend,,,,4.716106473410391e-05
27,,,,4.6974620494749014e-05
cowling,,,,4.6787830758846634e-05
sounds,,,,4.6787830758846634e-05
hitting,,,,4.6787830758846634e-05
like,,,,4.6787830758846634e-05
recover,,,,4.671371508619368e-05
cc1500,,,,4.671371508619368e-05
swapp,,,,4.6073441152433646e-05
bucyrus,,,,4.6073441152433646e-05
shd7,I,shd,,4.6073441152433646e-05
kit,,,,4.5456695358233585e-05
version,,,,4.5456695358233585e-05
fitup,,,,4.440990358386222e-05
2xfitter1xboilyshd24,,,,4.4319906901036575e-05
14,,,,4.4319906901036575e-05
invoice,,,,4.430714231817901e-05
2321,,,,4.430714231817901e-05
probs,,,,4.428147020948276e-05
1fiter,,,,4.33621747220068e-05
just,,,,4.286985912404063e-05
foam,,,,4.286985912404063e-05
restick,,,,4.286985912404063e-05
fitt,,,,4.2822326961531937e-05
1fitter,,,,4.134937649729061e-05
36,,,,4.0041640132184935e-05
exd,,,,4.0041640132184935e-05
